{"general": {"round": 328, "epoch_loss": 0.0385729586256668, "maintask_acc_epoch": 98.75, "epoch_corret": 9875, "epoch_total": 10000, "poison_epoch_loss": 13.19450152717883, "backdoor_acc_epoch": 0.23416592328278324, "poison_epoch_corret": 21, "poison_epoch_total": 10000}, "_timestamp": 1664958614.0712752, "_runtime": 19583.465771198273, "_step": 317, "_wandb": {"runtime": 19629}}