{"general": {"round": 11, "epoch_loss": 11.264264775428465, "maintask_acc_epoch": 0.9255129348795719, "epoch_corret": 83, "epoch_total": 8968, "poison_epoch_loss": 11.264264669086549, "backdoor_acc_epoch": 0.9255129348795719, "poison_epoch_corret": 83, "poison_epoch_total": 8968}, "_timestamp": 1664908376.3237138, "_runtime": 275.9413788318634, "_step": 0, "_wandb": {"runtime": 487}}