model,trigger_name,trigger_value,epoch,average_loss,accuracy,correct_data,total_data
global,combine,,11,12.211429145057535,0.45718108831400533,41,8968
global,global_in_41_trigger,,11,12.694195857971083,0.423728813559322,38,8968
global,global_in_73_trigger,,11,12.647988824733766,0.44603033006244425,40,8968
global,global_in_51_trigger,,11,12.664938085319525,0.423728813559322,38,8968
global,global_in_74_trigger,,11,12.054488613390689,0.45718108831400533,41,8968
