{"general": {"round": 201, "epoch_loss": 0.7170026484012604, "maintask_acc_epoch": 76.49000000000001, "epoch_corret": 7649, "epoch_total": 10000, "poison_epoch_loss": 6.47996551683214, "backdoor_acc_epoch": 2.555555555555556, "poison_epoch_corret": 230, "poison_epoch_total": 10000}, "_timestamp": 1664966038.5501828, "_runtime": 192.30514883995056, "_step": 0, "_wandb": {"runtime": 381}}