{"general": {"round": 165, "epoch_loss": 14.959971923896184, "maintask_acc_epoch": 0.10035682426404996, "epoch_corret": 9, "epoch_total": 8968, "poison_epoch_loss": 14.959971547871163, "backdoor_acc_epoch": 0.10035682426404996, "poison_epoch_corret": 9, "poison_epoch_total": 8968}, "_timestamp": 1664938199.0500717, "_runtime": 29600.90025162697, "_step": 154, "_wandb": {"runtime": 29939}}