{"general": {"round": 203, "epoch_loss": 1.224328943824768, "maintask_acc_epoch": 61.309999999999995, "epoch_corret": 6131, "epoch_total": 10000, "poison_epoch_loss": 4.135982925415039, "backdoor_acc_epoch": 13.677777777777777, "poison_epoch_corret": 1231, "poison_epoch_total": 10000}, "_timestamp": 1664959322.5388844, "_runtime": 486.0791823863983, "_step": 2, "_wandb": {"runtime": 488}}